<?xml version="1.0" encoding="UTF-8"?><CodeSystem xmlns="http://hl7.org/fhir"><id value="carin-rtpbc-error-code-system"/><meta><versionId value="1"/><lastUpdated value="2019-11-17T16:00:00.000-06:00"/></meta><text><status value="generated"/><div xmlns="http://www.w3.org/1999/xhtml"><h2>CARIN RTPBC Error Code System</h2><div><p>This code system defines the error codes to be used by real-time pharmacy benefit check servers when encountering an error that prevents processing from completing.</p>
</div><p>This code system http://hl7.org/fhir/us/carin/CodeSystem/rtpbc-error-code defines the following codes:</p><table class="codes"><tr><td style="white-space:nowrap"><b>Code</b></td><td><b>Display</b></td><td><b>Definition</b></td></tr><tr><td style="white-space:nowrap">no-patient-match<a name="carin-rtpbc-error-code-system-no-patient-match"> </a></td><td>No patient match found</td><td>No patient match found</td></tr><tr><td style="white-space:nowrap">multiple-patient-matches<a name="carin-rtpbc-error-code-system-multiple-patient-matches"> </a></td><td>More Than One Patient Found</td><td>More Than One Patient Found</td></tr><tr><td style="white-space:nowrap">invalid-product-id<a name="carin-rtpbc-error-code-system-invalid-product-id"> </a></td><td>M/I Product/Service ID</td><td>M/I Product/Service ID</td></tr></table></div></text><url value="http://hl7.org/fhir/us/carin/CodeSystem/rtpbc-error-code"/><version value="0.1.11"/><name value="CarinRtpbcErrorCodeSystem"/><title value="CARIN RTPBC Error Code System"/><status value="draft"/><date value="2019-11-17T00:00:00-06:00"/><publisher value="CARIN Alliance"/><description value="This code system defines the error codes to be used by real-time pharmacy benefit check servers when encountering an error that prevents processing from completing."/><caseSensitive value="false"/><content value="complete"/><concept><code value="no-patient-match"/><display value="No patient match found"/><definition value="No patient match found"/></concept><concept><code value="multiple-patient-matches"/><display value="More Than One Patient Found"/><definition value="More Than One Patient Found"/></concept><concept><code value="invalid-product-id"/><display value="M/I Product/Service ID"/><definition value="M/I Product/Service ID"/></concept></CodeSystem>