<?xml version="1.0" encoding="UTF-8"?><CodeSystem xmlns="http://hl7.org/fhir"><id value="placeholder-canadian-province-code-system"/><meta><versionId value="1"/><lastUpdated value="2019-11-27T16:00:00.000-06:00"/></meta><text><status value="generated"/><div xmlns="http://www.w3.org/1999/xhtml"><h2>Placeholder Canadian Province Code System</h2><div><p>This code system defines two letter Canadian province codes. It is intended as a placeholder to be replaced by a NamingSystem to canadapost.ca once IG tooling supports</p>
</div><p>This code system http://placeholder-for-canadapost.ca defines the following codes:</p><table class="codes"><tr><td style="white-space:nowrap"><b>Code</b></td><td><b>Display</b></td><td><b>Definition</b></td></tr><tr><td style="white-space:nowrap">AB<a name="placeholder-canadian-province-code-system-AB"> </a></td><td>Alberta</td><td>Alberta</td></tr><tr><td style="white-space:nowrap">BC<a name="placeholder-canadian-province-code-system-BC"> </a></td><td>British Columbia</td><td>British Columbia</td></tr><tr><td style="white-space:nowrap">MB<a name="placeholder-canadian-province-code-system-MB"> </a></td><td>Manitoba</td><td>Manitoba</td></tr><tr><td style="white-space:nowrap">NB<a name="placeholder-canadian-province-code-system-NB"> </a></td><td>New Brunswick</td><td>New Brunswick</td></tr><tr><td style="white-space:nowrap">NL<a name="placeholder-canadian-province-code-system-NL"> </a></td><td>Newfoundland and Labrador</td><td>Newfoundland and Labrador</td></tr><tr><td style="white-space:nowrap">NS<a name="placeholder-canadian-province-code-system-NS"> </a></td><td>Nova Scotia</td><td>Nova Scotia</td></tr><tr><td style="white-space:nowrap">NT<a name="placeholder-canadian-province-code-system-NT"> </a></td><td>Northwest Territories</td><td>Northwest Territories</td></tr><tr><td style="white-space:nowrap">NU<a name="placeholder-canadian-province-code-system-NU"> </a></td><td>Nunavut</td><td>Nunavut</td></tr><tr><td style="white-space:nowrap">ON<a name="placeholder-canadian-province-code-system-ON"> </a></td><td>Ontario</td><td>Ontario</td></tr><tr><td style="white-space:nowrap">PE<a name="placeholder-canadian-province-code-system-PE"> </a></td><td>Prince Edward Island</td><td>Prince Edward Island</td></tr><tr><td style="white-space:nowrap">QC<a name="placeholder-canadian-province-code-system-QC"> </a></td><td>Quebec</td><td>Quebec</td></tr><tr><td style="white-space:nowrap">SK<a name="placeholder-canadian-province-code-system-SK"> </a></td><td>Saskatchewan</td><td>Saskatchewan</td></tr><tr><td style="white-space:nowrap">YT<a name="placeholder-canadian-province-code-system-YT"> </a></td><td>Yukon</td><td>Yukon</td></tr></table></div></text><url value="http://placeholder-for-canadapost.ca"/><version value="0.1.16"/><name value="PlaceholderCanadianProvinceCodeSystem"/><title value="Placeholder Canadian Province Code System"/><status value="active"/><experimental value="false"/><date value="2019-12-07T23:00:00-06:00"/><publisher value="CARIN Alliance"/><description value="This code system defines two letter Canadian province codes. It is intended as a placeholder to be replaced by a NamingSystem to canadapost.ca once IG tooling supports"/><jurisdiction><coding><system value="urn:iso:std:iso:3166"/><code value="US"/><display value="United States of America"/></coding></jurisdiction><caseSensitive value="false"/><content value="complete"/><concept><code value="AB"/><display value="Alberta"/><definition value="Alberta"/></concept><concept><code value="BC"/><display value="British Columbia"/><definition value="British Columbia"/></concept><concept><code value="MB"/><display value="Manitoba"/><definition value="Manitoba"/></concept><concept><code value="NB"/><display value="New Brunswick"/><definition value="New Brunswick"/></concept><concept><code value="NL"/><display value="Newfoundland and Labrador"/><definition value="Newfoundland and Labrador"/></concept><concept><code value="NS"/><display value="Nova Scotia"/><definition value="Nova Scotia"/></concept><concept><code value="NT"/><display value="Northwest Territories"/><definition value="Northwest Territories"/></concept><concept><code value="NU"/><display value="Nunavut"/><definition value="Nunavut"/></concept><concept><code value="ON"/><display value="Ontario"/><definition value="Ontario"/></concept><concept><code value="PE"/><display value="Prince Edward Island"/><definition value="Prince Edward Island"/></concept><concept><code value="QC"/><display value="Quebec"/><definition value="Quebec"/></concept><concept><code value="SK"/><display value="Saskatchewan"/><definition value="Saskatchewan"/></concept><concept><code value="YT"/><display value="Yukon"/><definition value="Yukon"/></concept></CodeSystem>