<?xml version="1.0" encoding="UTF-8"?><CodeSystem xmlns="http://hl7.org/fhir"><id value="carin-rtpbc-billing-unit-code-system"/><meta><versionId value="4"/><lastUpdated value="2019-10-28T18:12:08.000-05:00"/></meta><text><status value="generated"/><div xmlns="http://www.w3.org/1999/xhtml"><h2>CARIN RTPBC Billing Unit Code System</h2><div><p>This code system defines the quantity units of measure to be used when requesting predetermination of benefits for prescription-related products.</p>
</div><p>This code system http://ncpdp.org/unit-of-measure defines the following codes:</p><table class="codes"><tr><td style="white-space:nowrap"><b>Code</b></td><td><b>Display</b></td><td><b>Definition</b></td></tr><tr><td style="white-space:nowrap">GM<a name="carin-rtpbc-billing-unit-code-system-GM"> </a></td><td>Gram</td><td>Quantity unit of measure for products billed as a number of grams</td></tr><tr><td style="white-space:nowrap">ML<a name="carin-rtpbc-billing-unit-code-system-ML"> </a></td><td>Milliliter</td><td>Quantity unit of measure for products billed as a number of milliliters</td></tr><tr><td style="white-space:nowrap">EA<a name="carin-rtpbc-billing-unit-code-system-EA"> </a></td><td>Each</td><td>Quantity unit of measure for products billed as individual items (e.g., tablets)</td></tr></table></div></text><url value="http://ncpdp.org/unit-of-measure"/><version value="0.1.12"/><name value="CarinRtpbcBillingUnitCodeSystem"/><title value="CARIN RTPBC Billing Unit Code System"/><status value="draft"/><date value="2019-10-25T00:00:00-05:00"/><publisher value="CARIN Alliance"/><description value="This code system defines the quantity units of measure to be used when requesting predetermination of benefits for prescription-related products."/><caseSensitive value="true"/><content value="complete"/><concept><code value="GM"/><display value="Gram"/><definition value="Quantity unit of measure for products billed as a number of grams"/></concept><concept><code value="ML"/><display value="Milliliter"/><definition value="Quantity unit of measure for products billed as a number of milliliters"/></concept><concept><code value="EA"/><display value="Each"/><definition value="Quantity unit of measure for products billed as individual items (e.g., tablets)"/></concept></CodeSystem>