<?xml version="1.0" encoding="UTF-8"?><ImplementationGuide xmlns="http://hl7.org/fhir"><id value="hl7.fhir.us.carin-rtpbc"/><meta><versionId value="228"/><lastUpdated value="2019-12-17T23:00:00.000-06:00"/></meta><text><status value="additional"/><div xmlns="http://www.w3.org/1999/xhtml">This is a guide for implementing the consumer-focused real-time pharmacy benefit check (consumer RTPBC) using FHIR R4. Using RTPBC, a patient can learn how their medications will be covered at the pharmacy, including out of pocket costs and any coverage restrictions or requirements that might apply.
        
        
        </div></text><url value="http://hl7.org/fhir/us/carin-rtpbc/ImplementationGuide/hl7.fhir.us.carin-rtpbc"/><version value="0.1.0"/><name value="CarinRtpbc"/><title value="CARIN Consumer Realtime Pharmacy Benefit Check"/><status value="draft"/><date value="2020-01-14T14:07:31-06:00"/><publisher value="HL7 International - Pharmacy"/><contact><name value="HL7 Pharmacy Workgroup"/><telecom><system value="url"/><value value="https://confluence.hl7.org/display/PHAR/Pharmacy"/></telecom></contact><contact><name value="Frank McKinney"/><telecom><system value="email"/><value value="fm@frankmckinney.com"/></telecom></contact><description value="This is a guide for implementing the **consumer-focused real-time pharmacy benefit check** (consumer RTPBC) using FHIR R4.&#xA;&#xA;Using RTPBC, a patient can learn the cost and insurance coverage related to medications they&#39;ve been prescribed. Specifically... &#xA;* how a medication will be covered by their insurance, including out of pocket costs and any coverage restrictions or requirements that might apply&#xA;* discount pricing available for the medication. &#xA;&#xA;Consumer RTPBC leverages the predetermination process supported by the Claim and ClaimResponse FHIR resources. Accompanying resources carry information that identifies the patient and their insurance coverage, prescription information and the preferred pharmacy (Patient, Coverage, MedicationRequest, Practitioner and Organization). OperationOutcome is used to communicate exceptions.&#xA;&#xA;The profile adapts terminology used in US pharmacy benefit processing, to minimize implementation obstacles for stakeholders who operate in that domain.&#xA;&#xA;&lt;br/&gt;&#xA;&#xA;*This guide is currently in development *&#xA;&#xA;&lt;br/&gt;&#xA;&#xA;&#xA;### Scope of this guide&#xA;**Consumer RTPBC is intended to be used...**&#xA;* in the United States (as it reflects unique US pharmacy insurance roles and conventions)&#xA;* for medications that are covered under the *pharmacy benefit* portion of the patient&#39;s health insurance, which typically excludes medications administered during hospital care or as part of medical procedures&#xA;* for commercially available medication products that are not compounded at the pharmacy. *(Support for compounds could potentially be added later)*&#xA;&#xA;***Relationship to the NCPDP provider-focused RTPBC transactions*** &lt;br/&gt;&#xA;This initial release of the consumer RTPBC profile seeks to include the coverage and cost information that&#39;s the most useful and meaningful to patients. As a result, certain content in the provider-centric NCPDP RTPBC standard is not included here. Additional content could potentially be added in a later effort.&#xA;&#xA;***Related information flows outside of consumer RTPBC*** &lt;br/&gt;&#xA;The patient application might gather related information before submitting the consumer RTPBC request, such as prescription information or insurance eligibility. *These exchanges are outside the scope of this guide.*&#xA;&#xA;&lt;br&gt;&#xA;&#xA;### Feedback&#xA;This implementation guide is the result of work sponsored by the CARIN Alliance, whose goal is to advance the ability for consumers and their authorized caregivers to easily get, use, and share their digital health information when, where, and how they want to achieve their goals.&#xA;&#xA;Comments and suggestions are welcome on our Zulip stream...&#xA;https://chat.fhir.org/#narrow/stream/208660-CARIN-Benefit.20Check.20IG&#xA;&#xA;* or send a note to fm@frankmckinney.com&#xA;&#xA;&lt;br/&gt;&#xA;&#xA;### Change log&#xA;&#xA;**0.1.10 (This version):** Added proposed coupon representation in Coverage resource (when request is processed by a discount pricing source). Added currency, state and country value set values in ClaimResponse, Patient and pharmacy Organization profiles.&#xA;&#xA;**0.1.09:** Added message definitions for the request and response. Added an Error Handling section in the Guidance menu, and placeholder &#39;error code&#39; CodeSystem and ValueSet resources (to be refined/replaced after stakeholder discussion).&#xA;&#xA;**0.1.08:** Added discussion of submission/response using FHIR messaging to the Submission Method page (renamed from Submit Operation). Added examples of submission / response using messaging. Added an extension (isAlternative) to characterize ClaimResponse.addItem composites as independent alternative fulfillment options (based on feedback from the FM WG). Added a Security page under Guidance, to be further fleshed out through stakeholder discussion.&#xA;&#xA;**0.1.07:** Moved content illustration content to Examples section. (Changed name of Other menu item to Examples). Adjusted Submit Operation to remove the MessageHeader resource from the submitted Bundle, based on discussion with Financial Mgmt WG. Likewise adjusted the Bundle examples and illustrations. Clarified the high-level resource map illustration to match current approach. &#xA;&#xA;**0.1.06:** Added the Coverage resource into the request content illustration (inadvertently left it out earlier).&#xA;&#xA;**0.1.05:** Added MedicationRequest.reported as a Must Support element to indicate whether the prescription information is being reported by the patient or other source (versus being the actual original prescription resource). Added content illustrations to provide business-level discussion material.&#xA;&#xA;**0.1.04:** Addressed broken page links, made small profile adjustments in ClaimResponse.&#xA;&#xA;**0.1.03:** Added submit operation and parameter details. Added bundled version of request and response. Corrected version using Claim w/contained resources (for discussion). Added separate Patient, Coverage, MedicationRequest, Organization, MessageHeader example resources.&#xA;&#xA;**0.1.02 :** Loosened element cardinality restrictions in the Claim profile based on input from reviewers. General narrative cleanup.&#xA;&#xA;**0.1.01:** Adjusted background and use case material to also reflect RTPBC communication between the patient&#39;s application and discount medication pricing sources--which augments information retrieved from the patient&#39;s insurer. In process of reorganizing content to a more intuitive arrangement. &#xA;&#xA;**0.1.00:** Initial resources and narrative content.&#xA;&#xA;&lt;br/&gt;&#xA;&#xA;### Known issues and to-dos&#xA;* The example, rtpbc-claim-with-contained-03, omits the MedicationRequest; it is being lost when importing the resource to Trifolia. Trying to figure out...&#xA;&#xA;&#xA;&lt;br/&gt;"/><packageId value="hl7.fhir.us.carin-rtpbc"/><license value="CC0-1.0"/><fhirVersion value="4.0.1"/><definition><resource><extension url="http://hl7.org/fhir/StructureDefinition/implementationguide-page"><valueUri value="StructureDefinition-carin-rtpbc-response-claimresponse.html"/></extension><reference><reference value="StructureDefinition/carin-rtpbc-response-claimresponse"/><display value="CarinRtpbcResponse"/></reference><name value="CarinRtpbcResponse"/><exampleBoolean value="false"/></resource><resource><extension url="http://hl7.org/fhir/StructureDefinition/implementationguide-page"><valueUri value="StructureDefinition-carin-rtpbc-patient.html"/></extension><reference><reference value="StructureDefinition/carin-rtpbc-patient"/><display value="CarinRtpbcPatient"/></reference><name value="CarinRtpbcPatient"/><exampleBoolean value="false"/></resource><resource><extension url="http://hl7.org/fhir/StructureDefinition/implementationguide-page"><valueUri value="StructureDefinition-carin-rtpbc-practitioner.html"/></extension><reference><reference value="StructureDefinition/carin-rtpbc-practitioner"/><display value="CarinRtpbcPractitioner"/></reference><name value="CarinRtpbcPractitioner"/><exampleBoolean value="false"/></resource><resource><extension url="http://hl7.org/fhir/StructureDefinition/implementationguide-page"><valueUri value="StructureDefinition-carin-rtpbc-medicationrequest.html"/></extension><reference><reference value="StructureDefinition/carin-rtpbc-medicationrequest"/><display value="CarinRtpbcMedicationRequest"/></reference><name value="CarinRtpbcMedicationRequest"/><exampleBoolean value="false"/></resource><resource><extension url="http://hl7.org/fhir/StructureDefinition/implementationguide-page"><valueUri value="StructureDefinition-carin-rtpbc-coverage.html"/></extension><reference><reference value="StructureDefinition/carin-rtpbc-coverage"/><display value="CarinRtpbcCoverage"/></reference><name value="CarinRtpbcCoverage"/><exampleBoolean value="false"/></resource><resource><extension url="http://hl7.org/fhir/StructureDefinition/implementationguide-page"><valueUri value="StructureDefinition-carin-rtpbc-request-claim.html"/></extension><reference><reference value="StructureDefinition/carin-rtpbc-request-claim"/><display value="CarinRtpbcRequest"/></reference><name value="CarinRtpbcRequest"/><exampleBoolean value="false"/></resource><resource><extension url="http://hl7.org/fhir/StructureDefinition/implementationguide-page"><valueUri value="StructureDefinition-carin-rtpbc-pharmacy-organization.html"/></extension><reference><reference value="StructureDefinition/carin-rtpbc-pharmacy-organization"/><display value="CarinRtpbcPharmacy"/></reference><name value="CarinRtpbcPharmacy"/><exampleBoolean value="false"/></resource><resource><extension url="http://hl7.org/fhir/StructureDefinition/implementationguide-page"><valueUri value="ValueSet-carin-rtpbc-prescribable-product-code-value-set.html"/></extension><reference><reference value="ValueSet/carin-rtpbc-prescribable-product-code-value-set"/><display value="CARINRTPBCPrescribableProductCodeValueSet"/></reference><name value="CARINRTPBCPrescribableProductCodeValueSet"/><exampleBoolean value="false"/></resource><resource><extension url="http://hl7.org/fhir/StructureDefinition/implementationguide-page"><valueUri value="Coverage-rtpbc-coverage-03.html"/></extension><reference><reference value="Coverage/rtpbc-coverage-03"/><display value="rtpbc-coverage-03"/></reference><name value="rtpbc-coverage-03"/><exampleBoolean value="true"/></resource><resource><extension url="http://hl7.org/fhir/StructureDefinition/implementationguide-page"><valueUri value="MedicationRequest-rtpbc-medicationrequest-03.html"/></extension><reference><reference value="MedicationRequest/rtpbc-medicationrequest-03"/><display value="rtpbc-medicationrequest-03"/></reference><name value="rtpbc-medicationrequest-03"/><exampleBoolean value="true"/></resource><resource><extension url="http://hl7.org/fhir/StructureDefinition/implementationguide-page"><valueUri value="Claim-rtpbc-claim-03.html"/></extension><reference><reference value="Claim/rtpbc-claim-03"/><display value="rtpbc-claim-03"/></reference><name value="rtpbc-claim-03"/><exampleBoolean value="true"/></resource><resource><extension url="http://hl7.org/fhir/StructureDefinition/implementationguide-page"><valueUri value="Patient-rtpbc-patient-03.html"/></extension><reference><reference value="Patient/rtpbc-patient-03"/><display value="Patient Jane Doe"/></reference><name value="Patient Jane Doe"/><exampleBoolean value="true"/></resource><resource><extension url="http://hl7.org/fhir/StructureDefinition/implementationguide-page"><valueUri value="Organization-rtpbc-organization-03.html"/></extension><reference><reference value="Organization/rtpbc-organization-03"/><display value="Hometown Drug"/></reference><name value="Hometown Drug"/><exampleBoolean value="true"/></resource><resource><extension url="http://hl7.org/fhir/StructureDefinition/implementationguide-page"><valueUri value="Practitioner-rtpbc-practitioner-03.html"/></extension><reference><reference value="Practitioner/rtpbc-practitioner-03"/><display value="Practitioner Johnson"/></reference><name value="Practitioner Johnson"/><exampleBoolean value="true"/></resource><resource><extension url="http://hl7.org/fhir/StructureDefinition/implementationguide-page"><valueUri value="Bundle-rtpbc-bundle-request-03.html"/></extension><reference><reference value="Bundle/rtpbc-bundle-request-03"/><display value="rtpbc-bundle-request-03"/></reference><name value="rtpbc-bundle-request-03"/><exampleBoolean value="true"/></resource><resource><extension url="http://hl7.org/fhir/StructureDefinition/implementationguide-page"><valueUri value="Organization-rtpbc-organization-03m.html"/></extension><reference><reference value="Organization/rtpbc-organization-03m"/><display value="My Mail Service Pharmacy"/></reference><name value="My Mail Service Pharmacy"/><exampleBoolean value="true"/></resource><resource><extension url="http://hl7.org/fhir/StructureDefinition/implementationguide-page"><valueUri value="Bundle-rtpbc-bundle-response-03.html"/></extension><reference><reference value="Bundle/rtpbc-bundle-response-03"/><display value="rtpbc-bundle-response-03"/></reference><name value="rtpbc-bundle-response-03"/><exampleBoolean value="true"/></resource><resource><extension url="http://hl7.org/fhir/StructureDefinition/implementationguide-page"><valueUri value="ClaimResponse-rtpbc-claim-response-03.html"/></extension><reference><reference value="ClaimResponse/rtpbc-claim-response-03"/><display value="rtpbc-claim-response-03"/></reference><name value="rtpbc-claim-response-03"/><exampleBoolean value="true"/></resource><resource><extension url="http://hl7.org/fhir/StructureDefinition/implementationguide-page"><valueUri value="CodeSystem-carin-rtpbc-coverage-summary-code-system.html"/></extension><reference><reference value="CodeSystem/carin-rtpbc-coverage-summary-code-system"/><display value="CarinRtpbcCoverageSummaryCodeSystem"/></reference><name value="CarinRtpbcCoverageSummaryCodeSystem"/><exampleBoolean value="false"/></resource><resource><extension url="http://hl7.org/fhir/StructureDefinition/implementationguide-page"><valueUri value="CodeSystem-carin-rtpbc-event-type-code-system.html"/></extension><reference><reference value="CodeSystem/carin-rtpbc-event-type-code-system"/><display value="CarinRtpbcEventTypeCodeSystem"/></reference><name value="CarinRtpbcEventTypeCodeSystem"/><exampleBoolean value="false"/></resource><resource><extension url="http://hl7.org/fhir/StructureDefinition/implementationguide-page"><valueUri value="CodeSystem-placeholder-ndc-11-code-system.html"/></extension><reference><reference value="CodeSystem/placeholder-ndc-11-code-system"/><display value="PlaceholderNdc11CodeSystem"/></reference><name value="PlaceholderNdc11CodeSystem"/><exampleBoolean value="false"/></resource><resource><extension url="http://hl7.org/fhir/StructureDefinition/implementationguide-page"><valueUri value="CodeSystem-carin-rtpbc-patient-pay-type-code-system.html"/></extension><reference><reference value="CodeSystem/carin-rtpbc-patient-pay-type-code-system"/><display value="CarinRtpbcPatientPayTypeCodeSystem"/></reference><name value="CarinRtpbcPatientPayTypeCodeSystem"/><exampleBoolean value="false"/></resource><resource><extension url="http://hl7.org/fhir/StructureDefinition/implementationguide-page"><valueUri value="NamingSystem-carin-rtpbc-NamingSystem-canada-post-province-code.html"/></extension><reference><reference value="NamingSystem/carin-rtpbc-NamingSystem-canada-post-province-code"/><display value="CarinRtpbcNamingSystemCanadaPostProvinceCode"/></reference><name value="CarinRtpbcNamingSystemCanadaPostProvinceCode"/><exampleBoolean value="false"/></resource><resource><extension url="http://hl7.org/fhir/StructureDefinition/implementationguide-page"><valueUri value="CodeSystem-placeholder-canadian-province-code-system.html"/></extension><reference><reference value="CodeSystem/placeholder-canadian-province-code-system"/><display value="PlaceholderCanadianProvinceCodeSystem"/></reference><name value="PlaceholderCanadianProvinceCodeSystem"/><exampleBoolean value="false"/></resource><resource><extension url="http://hl7.org/fhir/StructureDefinition/implementationguide-page"><valueUri value="NamingSystem-carin-rtpbc-NamingSystem-ncpdp-pharmacy-type.html"/></extension><reference><reference value="NamingSystem/carin-rtpbc-NamingSystem-ncpdp-pharmacy-type"/><display value="CarinRtpbcNamingSystemNcpdpPharmacyType"/></reference><name value="CarinRtpbcNamingSystemNcpdpPharmacyType"/><exampleBoolean value="false"/></resource><resource><extension url="http://hl7.org/fhir/StructureDefinition/implementationguide-page"><valueUri value="NamingSystem-carin-rtpbc-NamingSystem-ncpdp-provider-id.html"/></extension><reference><reference value="NamingSystem/carin-rtpbc-NamingSystem-ncpdp-provider-id"/><display value="CarinRtpbcNamingSystemNcpdpId"/></reference><name value="CarinRtpbcNamingSystemNcpdpId"/><exampleBoolean value="false"/></resource><resource><extension url="http://hl7.org/fhir/StructureDefinition/implementationguide-page"><valueUri value="NamingSystem-carin-rtpbc-NamingSystem-ncpdp-reject-code.html"/></extension><reference><reference value="NamingSystem/carin-rtpbc-NamingSystem-ncpdp-reject-code"/><display value="CarinRtpbcNamingSystemNcpdpRejectCode"/></reference><name value="CarinRtpbcNamingSystemNcpdpRejectCode"/><exampleBoolean value="false"/></resource><resource><extension url="http://hl7.org/fhir/StructureDefinition/implementationguide-page"><valueUri value="NamingSystem-carin-rtpbc-NamingSystem-ncpdp-unit-of-measure.html"/></extension><reference><reference value="NamingSystem/carin-rtpbc-NamingSystem-ncpdp-unit-of-measure"/><display value="CarinRtpbcNamingSystemNcpdpUnitOfMeasure"/></reference><name value="CarinRtpbcNamingSystemNcpdpUnitOfMeasure"/><exampleBoolean value="false"/></resource><resource><extension url="http://hl7.org/fhir/StructureDefinition/implementationguide-page"><valueUri value="ValueSet-carin-rtpbc-billing-unit-value-set.html"/></extension><reference><reference value="ValueSet/carin-rtpbc-billing-unit-value-set"/><display value="CarinRtbpcBillingUnitValueSet"/></reference><name value="CarinRtbpcBillingUnitValueSet"/><exampleBoolean value="false"/></resource><resource><extension url="http://hl7.org/fhir/StructureDefinition/implementationguide-page"><valueUri value="ValueSet-carin-rtpbc-error-code-value-set.html"/></extension><reference><reference value="ValueSet/carin-rtpbc-error-code-value-set"/><display value="CarinRtpbcErrorCodeValueSet"/></reference><name value="CarinRtpbcErrorCodeValueSet"/><exampleBoolean value="false"/></resource><resource><extension url="http://hl7.org/fhir/StructureDefinition/implementationguide-page"><valueUri value="ValueSet-carin-rtpbc-event-type-value-set.html"/></extension><reference><reference value="ValueSet/carin-rtpbc-event-type-value-set"/><display value="CarinRtbpcEventTypeValueSet"/></reference><name value="CarinRtbpcEventTypeValueSet"/><exampleBoolean value="false"/></resource><resource><extension url="http://hl7.org/fhir/StructureDefinition/implementationguide-page"><valueUri value="ValueSet-carin-rtpbc-country-code-value-set.html"/></extension><reference><reference value="ValueSet/carin-rtpbc-country-code-value-set"/><display value="CarinRtpbcCountryCodeValueSet"/></reference><name value="CarinRtpbcCountryCodeValueSet"/><exampleBoolean value="false"/></resource><resource><extension url="http://hl7.org/fhir/StructureDefinition/implementationguide-page"><valueUri value="ValueSet-carin-rtpbc-coverage-summary-value-set.html"/></extension><reference><reference value="ValueSet/carin-rtpbc-coverage-summary-value-set"/><display value="CarinRtbpcCoverageSummaryValueSet"/></reference><name value="CarinRtbpcCoverageSummaryValueSet"/><exampleBoolean value="false"/></resource><resource><extension url="http://hl7.org/fhir/StructureDefinition/implementationguide-page"><valueUri value="ValueSet-carin-rtpbc-patient-pay-type-value-set.html"/></extension><reference><reference value="ValueSet/carin-rtpbc-patient-pay-type-value-set"/><display value="CarinRtbpcPatientPayTypeValueSet"/></reference><name value="CarinRtbpcPatientPayTypeValueSet"/><exampleBoolean value="false"/></resource><resource><extension url="http://hl7.org/fhir/StructureDefinition/implementationguide-page"><valueUri value="ValueSet-carin-rtpbc-pharmacy-type-value-set.html"/></extension><reference><reference value="ValueSet/carin-rtpbc-pharmacy-type-value-set"/><display value="CarinRtbpcPharmacyTypeValueSet"/></reference><name value="CarinRtbpcPharmacyTypeValueSet"/><exampleBoolean value="false"/></resource><resource><extension url="http://hl7.org/fhir/StructureDefinition/implementationguide-page"><valueUri value="ValueSet-carin-rtpbc-state-and-province-code-value-set.html"/></extension><reference><reference value="ValueSet/carin-rtpbc-state-and-province-code-value-set"/><display value="CarinRtbpcStateAndProvinceCodeValueSet"/></reference><name value="CarinRtbpcStateAndProvinceCodeValueSet"/><exampleBoolean value="false"/></resource><resource><extension url="http://hl7.org/fhir/StructureDefinition/implementationguide-page"><valueUri value="StructureDefinition-carin-rtpbc-extension-isAlternative.html"/></extension><reference><reference value="StructureDefinition/carin-rtpbc-extension-isAlternative"/><display value="CarinRtpbcExtensionIsAlternative"/></reference><name value="CarinRtpbcExtensionIsAlternative"/><exampleBoolean value="false"/></resource><resource><extension url="http://hl7.org/fhir/StructureDefinition/implementationguide-page"><valueUri value="Bundle-rtpbc-bundle-request-03-w-header.html"/></extension><reference><reference value="Bundle/rtpbc-bundle-request-03-w-header"/><display value="rtpbc-bundle-request-03-w-header"/></reference><name value="rtpbc-bundle-request-03-w-header"/><exampleBoolean value="true"/></resource><resource><extension url="http://hl7.org/fhir/StructureDefinition/implementationguide-page"><valueUri value="Bundle-rtpbc-bundle-response-03-w-header.html"/></extension><reference><reference value="Bundle/rtpbc-bundle-response-03-w-header"/><display value="rtpbc-bundle-response-03-w-header"/></reference><name value="rtpbc-bundle-response-03-w-header"/><exampleBoolean value="true"/></resource><resource><extension url="http://hl7.org/fhir/StructureDefinition/implementationguide-page"><valueUri value="MessageDefinition-carin-rtpbc-request-message-definition.html"/></extension><reference><reference value="MessageDefinition/carin-rtpbc-request-message-definition"/><display value="CarinRtpbcRequestMessageDefinition"/></reference><name value="CarinRtpbcRequestMessageDefinition"/><exampleBoolean value="false"/></resource><resource><extension url="http://hl7.org/fhir/StructureDefinition/implementationguide-page"><valueUri value="CapabilityStatement-carin-rtpbc-responder-capabilitystatement.html"/></extension><reference><reference value="CapabilityStatement/carin-rtpbc-responder-capabilitystatement"/><display value="CarinRtpbcResponderCapabilityStatement"/></reference><name value="CarinRtpbcResponderCapabilityStatement"/><exampleBoolean value="false"/></resource><resource><extension url="http://hl7.org/fhir/StructureDefinition/implementationguide-page"><valueUri value="MessageDefinition-carin-rtpbc-response-message-definition.html"/></extension><reference><reference value="MessageDefinition/carin-rtpbc-response-message-definition"/><display value="CarinRtpbcResponseMessageDefinition"/></reference><name value="CarinRtpbcResponseMessageDefinition"/><exampleBoolean value="false"/></resource><resource><extension url="http://hl7.org/fhir/StructureDefinition/implementationguide-page"><valueUri value="StructureDefinition-carin-rtpbc-request-messageheader.html"/></extension><reference><reference value="StructureDefinition/carin-rtpbc-request-messageheader"/><display value="CarinRtpbcRequestMessageHeader"/></reference><name value="CarinRtpbcRequestMessageHeader"/><exampleBoolean value="false"/></resource><resource><extension url="http://hl7.org/fhir/StructureDefinition/implementationguide-page"><valueUri value="StructureDefinition-carin-rtpbc-response-messageheader.html"/></extension><reference><reference value="StructureDefinition/carin-rtpbc-response-messageheader"/><display value="CarinRtpbcResponseMessageHeader"/></reference><name value="CarinRtpbcResponseMessageHeader"/><exampleBoolean value="false"/></resource><resource><extension url="http://hl7.org/fhir/StructureDefinition/implementationguide-page"><valueUri value="StructureDefinition-carin-rtpbc-request-bundle.html"/></extension><reference><reference value="StructureDefinition/carin-rtpbc-request-bundle"/><display value="CarinRtpbcRequestBundle"/></reference><name value="CarinRtpbcRequestBundle"/><exampleBoolean value="false"/></resource><resource><extension url="http://hl7.org/fhir/StructureDefinition/implementationguide-page"><valueUri value="StructureDefinition-carin-rtpbc-response-bundle.html"/></extension><reference><reference value="StructureDefinition/carin-rtpbc-response-bundle"/><display value="CarinRtpbcResponseBundle"/></reference><name value="CarinRtpbcResponseBundle"/><exampleBoolean value="false"/></resource><page><nameUrl value="Guidance.html"/><title value="Guidance"/><generation value="markdown"/><page><nameUrl value="Use_cases.html"/><title value="Use cases"/><generation value="markdown"/></page><page><nameUrl value="Information_content_and_FHIR_resources.html"/><title value="Information content and FHIR resources"/><generation value="markdown"/></page><page><nameUrl value="Submission_method.html"/><title value="Submission method"/><generation value="markdown"/></page><page><nameUrl value="Security.html"/><title value="Security"/><generation value="markdown"/></page><page><nameUrl value="Consumer_vs_provider_RTPBC.html"/><title value="Consumer vs provider RTPBC"/><generation value="markdown"/></page></page></definition></ImplementationGuide>