<?xml version="1.0" encoding="UTF-8"?><MessageDefinition xmlns="http://hl7.org/fhir"><id value="carin-rtpbc-response-message-definition"/><url value="http://hl7.org/fhir/us/carin/MessageDefinition/rtpbc-response"/><version value="0.1.14"/><name value="RtpbcResponse"/><title value="Real-time pharmacy benefit check response"/><status value="draft"/><experimental value="false"/><date value="2019-10-17T00:00:00-05:00"/><publisher value="CARIN Alliance"/><contact><telecom><system value="email"/><value value="fm@frankmckinney.com"/></telecom></contact><description value="Response to a request for patient cost and coverage information for a prescribed medication"/><jurisdiction><coding><system value="urn:iso:std:iso:3166"/><code value="US"/><display value="United States of America (the)"/></coding></jurisdiction><purpose value="Returns patient cost and coverage information for a prescribed medication"/><eventCoding><system value="http://example.org/fhir/message-events"/><code value="rtpbc-request"/></eventCoding><category value="notification"/><focus><code value="ClaimResponse"/><profile value="http://hl7.org/fhir/us/carin/StructureDefinition/rtpbc-response"/><min value="1"/><max value="1"/></focus></MessageDefinition>