<?xml version="1.0" encoding="UTF-8"?><MessageDefinition xmlns="http://hl7.org/fhir"><id value="carin-rtpbc-request-message-definition"/><url value="http://hl7.org/fhir/us/carin/MessageDefinition/rtpbc-request"/><version value="0.1.09"/><name value="RtpbcRequest"/><title value="Real-time pharmacy benefit check request"/><status value="draft"/><experimental value="false"/><date value="2019-11-17T00:00:00-06:00"/><publisher value="CARIN Alliance"/><contact><telecom><system value="email"/><value value="fm@frankmckinney.com"/></telecom></contact><description value="Request for patient cost and coverage information for a prescribed medication"/><jurisdiction><coding><system value="urn:iso:std:iso:3166"/><code value="US"/><display value="United States of America (the)"/></coding></jurisdiction><purpose value="Requests patient cost and coverage information for a prescribed medication"/><eventCoding><system value="http://example.org/fhir/message-events"/><code value="rtpbc-request"/></eventCoding><category value="notification"/><focus><code value="Claim"/><profile value="http://hl7.org/fhir/us/carin/StructureDefinition/carin-rtpbc-request"/><min value="1"/><max value="1"/></focus><allowedResponse><message value="http://hl7.org/fhir/us/carin/MessageDefinition/rtpbc-response"/><situation value="Returned when processing completes without encountering a system error"/></allowedResponse></MessageDefinition>