<?xml version="1.0" encoding="UTF-8"?><ValueSet xmlns="http://hl7.org/fhir"><id value="carin-rtpbc-error-code-value-set"/><meta><versionId value="2"/><lastUpdated value="2019-11-17T14:30:00.000-06:00"/></meta><text><status value="additional"/><div xmlns="http://www.w3.org/1999/xhtml">This value set contains the error codes to be used by real-time pharmacy benefit check servers when encountering a data or business condition that prevents processing from completing.</div></text><url value="http://hl7.org/fhir/us/carin/ValueSet/rtpbc-error-code"/><version value="0.1.10"/><name value="CarinRtbpcErrorCodeValueSet"/><title value="CARIN RTPBC Error Code Value Set"/><status value="draft"/><date value="2019-12-01T19:50:55-06:00"/><description value="This value set contains the error codes to be used by real-time pharmacy benefit check servers when encountering a data or business condition that prevents processing from completing."/><compose><include><system value="http://ncpdp.org/reject-code"/></include></compose></ValueSet>