<?xml version="1.0" encoding="UTF-8"?><ValueSet xmlns="http://hl7.org/fhir"><id value="carin-rtpbc-billing-unit-value-set"/><meta><lastUpdated value="2019-12-07T23:00:00.000-06:00"/></meta><text><status value="generated"/><div xmlns="http://www.w3.org/1999/xhtml"><h2>CARIN RTPBC Billing Unit Value Set</h2><div><p>This value set contains the quantity unit of measure to be used when requesting predetermination of benefits for prescription-related products</p>
</div><p>This value set includes codes from the following code systems:</p><ul><li>Include all codes defined in <code>http://ncpdp.org/unit-of-measure</code></li></ul></div></text><url value="http://hl7.org/fhir/us/carin/ValueSet/rtpbc-billing-unit"/><version value="0.1.14"/><name value="CarinRtbpcBillingUnitValueSet"/><title value="CARIN RTPBC Billing Unit Value Set"/><status value="active"/><experimental value="false"/><date value="2019-12-07T23:00:00-06:00"/><description value="This value set contains the quantity unit of measure to be used when requesting predetermination of benefits for prescription-related products"/><jurisdiction><coding><system value="urn:iso:std:iso:3166"/><code value="US"/><display value="United States of America"/></coding></jurisdiction><compose><include><system value="http://ncpdp.org/unit-of-measure"/></include></compose></ValueSet>