<?xml version="1.0" encoding="UTF-8"?><ValueSet xmlns="http://hl7.org/fhir"><id value="carin-rtpbc-event-type-value-set"/><meta><lastUpdated value="2019-12-07T23:00:00.000-06:00"/></meta><text><status value="generated"/><div xmlns="http://www.w3.org/1999/xhtml"><h2>CARIN RTPBC Event Type Value Set</h2><div><p>This value set contains event types used in RTPBC message headers.</p>
</div><p>This value set includes codes from the following code systems:</p><ul><li>Include all codes defined in <a href="CodeSystem-carin-rtpbc-event-type-code-system.html"><code>http://hl7.org/fhir/us/carin/CodeSystem/rtpbc-event-type</code></a></li></ul></div></text><url value="http://hl7.org/fhir/us/carin/ValueSet/rtpbc-event-type"/><version value="0.1.15"/><name value="CarinRtbpcEventTypeValueSet"/><title value="CARIN RTPBC Event Type Value Set"/><status value="active"/><experimental value="false"/><date value="2019-12-07T23:00:00-06:00"/><publisher value="CARIN Alliance"/><description value="This value set contains event types used in RTPBC message headers."/><jurisdiction><coding><system value="urn:iso:std:iso:3166"/><code value="US"/><display value="United States of America"/></coding></jurisdiction><compose><include><system value="http://hl7.org/fhir/us/carin/CodeSystem/rtpbc-event-type"/></include></compose></ValueSet>