<?xml version="1.0" encoding="UTF-8"?>

<NamingSystem xmlns="http://hl7.org/fhir">
  <id value="carin-rtpbc-NamingSystem-ncpdp-pharmacy-type"/>
  <text>
    <status value="generated"/><div xmlns="http://www.w3.org/1999/xhtml"><p><b>Generated Narrative with Details</b></p><p><b>id</b>: carin-rtpbc-NamingSystem-ncpdp-pharmacy-type</p><p><b>name</b>: CarinRtpbcNamingSystemNcpdpPharmacyType</p><p><b>status</b>: active</p><p><b>kind</b>: codesystem</p><p><b>date</b>: Dec 7, 2019 11:00:00 PM</p><p><b>publisher</b>: CARIN Alliance</p><p><b>contact</b>: </p><p><b>responsible</b>: National Council for Prescription Drug Programs (NCPDP)</p><p><b>description</b>: The NCPDP Pharmacy Type (955-HR) code set defines a set of pharmacy type categories.</p><p><b>jurisdiction</b>: United States of America <span style="background: LightGoldenRodYellow">(Details : {urn:iso:std:iso:3166 code 'US' = 'United States of America)</span></p><p><b>usage</b>: Used to indicate a pharmacy's type.</p><h3>UniqueIds</h3><table class="grid"><tr><td>-</td><td><b>Type</b></td><td><b>Value</b></td></tr><tr><td>*</td><td>uri</td><td>http://ncpdp.org/pharmacy-type</td></tr></table></div>
  </text>
  <name value="CarinRtpbcNamingSystemNcpdpPharmacyType"/>
  <status value="active"/>
  <kind value="codesystem"/>
  <date value="2019-12-07T23:00:00-06:00"/>
  <publisher value="CARIN Alliance"/>
  <contact>
    <name value="CARIN Alliance"/>
    <telecom>
      <system value="url"/>
      <value value="http://www.carinalliance.com"/>
    </telecom>
  </contact>
  <responsible value="National Council for Prescription Drug Programs (NCPDP)"/>
  <description value="The NCPDP Pharmacy Type (955-HR) code set defines a set of pharmacy type categories."/>
  <jurisdiction>
    <coding>
      <system value="urn:iso:std:iso:3166"/>
      <code value="US"/>
    </coding>
  </jurisdiction>
  <usage value="Used to indicate a pharmacy&#39;s type."/>
  <uniqueId>
    <type value="uri"/>
    <value value="http://ncpdp.org/pharmacy-type"/>
  </uniqueId>
</NamingSystem>