<?xml version="1.0" encoding="UTF-8"?>

<NamingSystem xmlns="http://hl7.org/fhir">
  <id value="carin-rtpbc-NamingSystem-canada-post-province-code"/>
  <text>
    <status value="generated"/><div xmlns="http://www.w3.org/1999/xhtml"><p><b>Generated Narrative with Details</b></p><p><b>id</b>: carin-rtpbc-NamingSystem-canada-post-province-code</p><p><b>name</b>: CarinRtpbcNamingSystemCanadaPostProvinceCode</p><p><b>status</b>: active</p><p><b>kind</b>: identifier</p><p><b>date</b>: Dec 7, 2019 11:00:00 PM</p><p><b>publisher</b>: CARIN Alliance</p><p><b>contact</b>: </p><p><b>responsible</b>: Canada Post</p><p><b>description</b>: Canadian Post province codes</p><p><b>jurisdiction</b>: United States of America <span style="background: LightGoldenRodYellow">(Details : {urn:iso:std:iso:3166 code 'US' = 'United States of America', given as 'United States of America'})</span></p><p><b>usage</b>: Used to address mail to Canadian provinces</p><h3>UniqueIds</h3><table class="grid"><tr><td>-</td><td><b>Type</b></td><td><b>Value</b></td></tr><tr><td>*</td><td>uri</td><td>https://www.canadapost.ca/</td></tr></table></div>
  </text>
  <name value="CarinRtpbcNamingSystemCanadaPostProvinceCode"/>
  <status value="active"/>
  <kind value="identifier"/>
  <date value="2019-12-07T23:00:00-06:00"/>
  <publisher value="CARIN Alliance"/>
  <contact>
    <name value="CARIN Alliance"/>
    <telecom>
      <system value="url"/>
      <value value="http://www.carinalliance.com"/>
    </telecom>
  </contact>
  <responsible value="Canada Post"/>
  <description value="Canadian Post province codes"/>
  <jurisdiction>
    <coding>
      <system value="urn:iso:std:iso:3166"/>
      <code value="US"/>
      <display value="United States of America"/>
    </coding>
  </jurisdiction>
  <usage value="Used to address mail to Canadian provinces"/>
  <uniqueId>
    <type value="uri"/>
    <value value="https://www.canadapost.ca/"/>
  </uniqueId>
</NamingSystem>