<?xml version="1.0" encoding="UTF-8"?>

<ValueSet xmlns="http://hl7.org/fhir">
  <id value="carin-rtpbc-coverage-summary-value-set"/>
  <meta>
    <versionId value="3"/>
    <lastUpdated value="2019-11-06T16:01:46.000-06:00"/>
  </meta>
  <text>
    <status value="additional"/><div xmlns="http://www.w3.org/1999/xhtml">This value set contains coverage levels that may apply to a prescription product.
        </div>
  </text>
  <url value="http://hl7.org/fhir/us/carin/ValueSet/rtpbc-coverage-summary"/>
  <version value="0.1.04"/>
  <name value="CarinRtbpcCoverageSummaryValueSet"/>
  <title value="CARIN RTPBC Coverage Summary Value Set"/>
  <status value="draft"/>
  <date value="2019-11-06T19:26:21-06:00"/>
  <description value="This value set contains coverage levels that may apply to a prescription product."/>
  <compose>
    <include>
      <system value="http://hl7.org/fhir/us/carin/CodeSystem/rtpbc-coverage-summary"/>
      <concept>
        <code value="covered"/>
        <display value="Covered"/>
      </concept>
      <concept>
        <code value="prior-auth"/>
        <display value="Prior authorization required"/>
      </concept>
      <concept>
        <code value="step-therapy"/>
        <display value="Step therapy applies"/>
      </concept>
      <concept>
        <code value="quantity-limit"/>
        <display value="Quantity limits apply"/>
      </concept>
      <concept>
        <code value="other-restriction"/>
        <display value="Other restriction applies"/>
      </concept>
      <concept>
        <code value="not-covered"/>
        <display value="Not covered"/>
      </concept>
    </include>
  </compose>
</ValueSet>