<?xml version="1.0" encoding="UTF-8"?>

<ValueSet xmlns="http://hl7.org/fhir">
  <id value="carin-rtpbc-billing-units-value-set"/>
  <meta>
    <versionId value="2"/>
    <lastUpdated value="2019-11-06T14:31:34.000-06:00"/>
  </meta>
  <text>
    <status value="additional"/><div xmlns="http://www.w3.org/1999/xhtml">This value set contains the quantity units of measure to be used when requesting predetermination of benefits for prescription-related products
        </div>
  </text>
  <url value="http://hl7.org/fhir/us/carin/ValueSet/rtpbc-billing-units"/>
  <version value="0.1.09"/>
  <name value="CarinRtbpcBillingUnitsValueSet"/>
  <title value="CARIN RTPBC Billing Units Value Set"/>
  <status value="draft"/>
  <date value="2019-11-18T12:13:41-06:00"/>
  <description value="This value set contains the quantity units of measure to be used when requesting predetermination of benefits for prescription-related products"/>
  <compose>
    <include>
      <system value="http://hl7.org/fhir/us/carin/CodeSystem/rtpbc-billing-units"/>
      <concept>
        <code value="GM"/>
        <display value="Gram"/>
      </concept>
      <concept>
        <code value="ML"/>
        <display value="Milliliter"/>
      </concept>
      <concept>
        <code value="EA"/>
        <display value="Each"/>
      </concept>
    </include>
  </compose>
</ValueSet>