{"resourceType":"CodeSystem","id":"carin-rtpbc-billing-units-code-system","meta":{"versionId":"3","lastUpdated":"2019-11-06T14:23:24.000-06:00"},"text":{"status":"generated","div":"<div xmlns=\"http://www.w3.org/1999/xhtml\"><h2>CARIN RTPBC Billing Units Code System</h2><div><p>This code system defines the quantity units of measure to be used when requesting predetermination of benefits for prescription-related products.</p>\n</div><p>This code system http://hl7.org/fhir/us/carin/CodeSystem/rtpbc-billing-units defines the following codes:</p><table class=\"codes\"><tr><td style=\"white-space:nowrap\"><b>Code</b></td><td><b>Display</b></td><td><b>Definition</b></td></tr><tr><td style=\"white-space:nowrap\">GM<a name=\"carin-rtpbc-billing-units-code-system-GM\"> </a></td><td>Gram</td><td>Quantity unit of measure for products billed as a number of grams</td></tr><tr><td style=\"white-space:nowrap\">ML<a name=\"carin-rtpbc-billing-units-code-system-ML\"> </a></td><td>Milliliter</td><td>Quantity unit of measure for products billed as a number of milliliters</td></tr><tr><td style=\"white-space:nowrap\">EA<a name=\"carin-rtpbc-billing-units-code-system-EA\"> </a></td><td>Each</td><td>Quantity unit of measure for products billed as individual items (e.g., tablets)</td></tr></table></div>"},"url":"http://hl7.org/fhir/us/carin/CodeSystem/rtpbc-billing-units","version":"0.1.07","name":"CarinRtpbcBillingUnitsCodeSystem","title":"CARIN RTPBC Billing Units Code System","status":"draft","date":"2019-11-13T18:14:34-06:00","publisher":"CARIN Alliance","description":"This code system defines the quantity units of measure to be used when requesting predetermination of benefits for prescription-related products.","caseSensitive":false,"content":"complete","concept":[{"code":"GM","display":"Gram","definition":"Quantity unit of measure for products billed as a number of grams"},{"code":"ML","display":"Milliliter","definition":"Quantity unit of measure for products billed as a number of milliliters"},{"code":"EA","display":"Each","definition":"Quantity unit of measure for products billed as individual items (e.g., tablets)"}]}