{"resourceType":"ValueSet","id":"carin-rtpbc-coverage-summary-value-set","meta":{"versionId":"3","lastUpdated":"2019-11-06T16:01:46.000-06:00"},"text":{"status":"generated","div":"<div xmlns=\"http://www.w3.org/1999/xhtml\"><h2>CARIN RTPBC Coverage Summary Value Set</h2><div><p>This value set contains a set of coverage outcomes that may apply to a prescription product and pharmacy combination evaluated in the Real-time Pharmacy Benefit Check (RTPBC) process.</p>\n</div><p>This value set includes codes from the following code systems:</p><ul><li>Include these codes as defined in <a href=\"CodeSystem-carin-rtpbc-coverage-summary-code-system.html\"><code>http://hl7.org/fhir/us/carin/CodeSystem/rtpbc-coverage-summary</code></a><table class=\"none\"><tr><td style=\"white-space:nowrap\"><b>Code</b></td><td><b>Display</b></td></tr><tr><td><a href=\"CodeSystem-carin-rtpbc-coverage-summary-code-system.html#carin-rtpbc-coverage-summary-code-system-covered\">covered</a></td><td>Covered</td><td>Covered</td></tr><tr><td><a href=\"CodeSystem-carin-rtpbc-coverage-summary-code-system.html#carin-rtpbc-coverage-summary-code-system-prior-auth\">prior-auth</a></td><td>Prior authorization required</td><td>Covered with restriction: Prior authorization required</td></tr><tr><td><a href=\"CodeSystem-carin-rtpbc-coverage-summary-code-system.html#carin-rtpbc-coverage-summary-code-system-step-therapy\">step-therapy</a></td><td>Step therapy applies</td><td>Covered with restriction: Step therapy applies</td></tr><tr><td><a href=\"CodeSystem-carin-rtpbc-coverage-summary-code-system.html#carin-rtpbc-coverage-summary-code-system-quantity-limit\">quantity-limit</a></td><td>Quantity limits apply</td><td>Covered with restriction: Quantity limits apply</td></tr><tr><td><a href=\"CodeSystem-carin-rtpbc-coverage-summary-code-system.html#carin-rtpbc-coverage-summary-code-system-other-restriction\">other-restriction</a></td><td>Other restriction applies</td><td>Covered with restriction: Other restriction applies</td></tr><tr><td><a href=\"CodeSystem-carin-rtpbc-coverage-summary-code-system.html#carin-rtpbc-coverage-summary-code-system-not-covered\">not-covered</a></td><td>Not covered</td><td>Not covered</td></tr></table></li></ul></div>"},"url":"http://hl7.org/fhir/us/carin/ValueSet/rtpbc-coverage-summary","version":"0.1.14","name":"CarinRtbpcCoverageSummaryValueSet","title":"CARIN RTPBC Coverage Summary Value Set","status":"draft","date":"2019-12-08T01:17:27-06:00","description":"This value set contains a set of coverage outcomes that may apply to a prescription product and pharmacy combination evaluated in the Real-time Pharmacy Benefit Check (RTPBC) process.","compose":{"include":[{"system":"http://hl7.org/fhir/us/carin/CodeSystem/rtpbc-coverage-summary","concept":[{"code":"covered","display":"Covered"},{"code":"prior-auth","display":"Prior authorization required"},{"code":"step-therapy","display":"Step therapy applies"},{"code":"quantity-limit","display":"Quantity limits apply"},{"code":"other-restriction","display":"Other restriction applies"},{"code":"not-covered","display":"Not covered"}]}]}}