{
  "package": "hl7.fhir.us.carin-rtpbc",
  "version": "0.1.16",
  "fhirVersion": "4.0.1",
  "extensions": [
    {
      "url": "http://hl7.org/fhir/us/carin/StructureDefinition/rtpbc-isAlternative",
      "title": "CARIN RTPBC Extension isAlternative",
      "types": [
        "boolean"
      ]
    }
  ],
  "profiles": {
    "Coverage": [
      {
        "url": "http://hl7.org/fhir/us/carin/StructureDefinition/rtpbc-coverage",
        "title": "CARIN RTPBC Coverage"
      }
    ],
    "MedicationRequest": [
      {
        "url": "http://hl7.org/fhir/us/carin/StructureDefinition/rtpbc-medicationrequest",
        "title": "CARIN RTPBC Medication Request"
      }
    ],
    "Patient": [
      {
        "url": "http://hl7.org/fhir/us/carin/StructureDefinition/rtpbc-patient",
        "title": "CARIN RTPBC Patient"
      }
    ],
    "Organization": [
      {
        "url": "http://hl7.org/fhir/us/carin/StructureDefinition/rtpbc-pharmacy",
        "title": "CARIN RTPBC PharmacyOrganization"
      }
    ],
    "Practitioner": [
      {
        "url": "http://hl7.org/fhir/us/carin/StructureDefinition/rtpbc-practitioner",
        "title": "CARIN RTPBC Practitioner"
      }
    ],
    "Claim": [
      {
        "url": "http://hl7.org/fhir/us/carin/StructureDefinition/rtpbc-request",
        "title": "CARIN RTPBC Request Using Claim"
      }
    ],
    "Bundle": [
      {
        "url": "http://hl7.org/fhir/us/carin/StructureDefinition/rtpbc-response-bundle",
        "title": "CARIN RTPBC Response Bundle"
      }
    ],
    "MessageHeader": [
      {
        "url": "http://hl7.org/fhir/us/carin/StructureDefinition/rtpbc-response-messageheader",
        "title": "CARIN RTPBC Response MessageHeader"
      }
    ],
    "ClaimResponse": [
      {
        "url": "http://hl7.org/fhir/us/carin/StructureDefinition/rtpbc-response",
        "title": "CARIN RTPBC Response Using ClaimResponse"
      }
    ]
  },
  "usage": {
    "http://hl7.org/fhir/StructureDefinition/capabilitystatement-expectation": [
      "CapabilityStatement.rest.operation"
    ],
    "http://hl7.org/fhir/StructureDefinition/elementdefinition-bestpractice": [
      "StructureDefinition.snapshot.element.constraint"
    ],
    "http://hl7.org/fhir/StructureDefinition/elementdefinition-bestpractice-explanation": [
      "StructureDefinition.snapshot.element.constraint"
    ],
    "http://hl7.org/fhir/StructureDefinition/elementdefinition-bindingName": [
      "StructureDefinition.snapshot.element.binding"
    ],
    "http://hl7.org/fhir/StructureDefinition/elementdefinition-isCommonBinding": [
      "StructureDefinition.snapshot.element.binding"
    ],
    "http://hl7.org/fhir/StructureDefinition/elementdefinition-maxValueSet": [
      "StructureDefinition.snapshot.element.binding"
    ],
    "http://hl7.org/fhir/StructureDefinition/elementdefinition-translatable": [
      "StructureDefinition.snapshot.element"
    ],
    "http://hl7.org/fhir/StructureDefinition/structuredefinition-explicit-type-name": [
      "StructureDefinition.snapshot.element"
    ],
    "http://hl7.org/fhir/StructureDefinition/structuredefinition-fhir-type": [
      "StructureDefinition.snapshot.element.type"
    ],
    "http://hl7.org/fhir/StructureDefinition/structuredefinition-fmm": [
      "StructureDefinition"
    ],
    "http://hl7.org/fhir/StructureDefinition/structuredefinition-hierarchy": [
      "StructureDefinition.snapshot.element.type"
    ],
    "http://hl7.org/fhir/StructureDefinition/structuredefinition-standards-status": [
      "StructureDefinition.snapshot.element"
    ],
    "http://hl7.org/fhir/StructureDefinition/structuredefinition-wg": [
      "StructureDefinition"
    ],
    "http://hl7.org/fhir/tools/StructureDefinition/resource-information": [
      "ImplementationGuide.definition.resource"
    ],
    "http://hl7.org/fhir/us/carin/StructureDefinition/rtpbc-isAlternative": [
      "Bundle.entry.resource.addItem",
      "ClaimResponse.addItem"
    ]
  }
}