<?xml version="1.0" encoding="UTF-8"?>

<ValueSet xmlns="http://hl7.org/fhir">
  <id value="carin-rtpbc-prescribable-product-code-value-set"/>
  <meta>
    <versionId value="1"/>
    <lastUpdated value="2019-10-29T21:40:15.000-05:00"/>
  </meta>
  <text>
    <status value="generated"/><div xmlns="http://www.w3.org/1999/xhtml"><h2>CARIN RTPBC Prescribable Product Code Value Set</h2><p>This value set includes codes from the following code systems:</p><ul><li>Include all codes defined in <a href="CodeSystem-carin-rtpbc-example-ndc-11-code-system.html"><code>http://terminology.hl7.org/CodeSystem/ndc-11</code></a></li><li>Include codes from <a href="http://www.nlm.nih.gov/research/umls/rxnorm"><code>http://www.nlm.nih.gov/research/umls/rxnorm</code></a> where TTY  in  SCD,SBD,GPCK,BPCK</li></ul></div>
  </text>
  <url value="http://hl7.org/fhir/us/carin/ValueSet/carin-rtpbc-prescribable-product-code"/>
  <version value="0.1.13"/>
  <name value="CARINRTPBCPrescribableProductCodeValueSet"/>
  <title value="CARIN RTPBC Prescribable Product Code Value Set"/>
  <status value="draft"/>
  <date value="2019-10-29T00:00:00-05:00"/>
  <publisher value="CARIN Alliance"/>
  <compose>
    <include>
      <system value="http://terminology.hl7.org/CodeSystem/ndc-11"/>
    </include>
    <include>
      <system value="http://www.nlm.nih.gov/research/umls/rxnorm"/>
      <filter>
        <property value="TTY"/>
        <op value="in"/>
        <value value="SCD,SBD,GPCK,BPCK"/>
      </filter>
    </include>
  </compose>
</ValueSet>