{
  "resourceType": "ValueSet",
  "id": "carin-rtpbc-state-and-province-code-value-set",
  "text": {
    "status": "generated",
    "div": "<div xmlns=\"http://www.w3.org/1999/xhtml\"><h2>CARIN RTPBC Two Letter State and Province Code Value Set</h2><div><p>This value set contains two letter USPS state codes and Canada Post province codes.</p>\n</div><p>This value set includes codes from the following code systems:</p><ul><li>Include these codes as defined in <code>https://www.usps.com/</code><table class=\"none\"><tr><td style=\"white-space:nowrap\"><b>Code</b></td><td><b>Display</b></td></tr><tr><td>AK</td><td>Alaska</td><td/></tr><tr><td>AL</td><td>Alabama</td><td/></tr><tr><td>AR</td><td>Arkansas</td><td/></tr><tr><td>AS</td><td>American Samoa</td><td/></tr><tr><td>AZ</td><td>Arizona</td><td/></tr><tr><td>CA</td><td>California</td><td/></tr><tr><td>CO</td><td>Colorado</td><td/></tr><tr><td>CT</td><td>Connecticut</td><td/></tr><tr><td>DC</td><td>District of Columbia</td><td/></tr><tr><td>DE</td><td>Delaware</td><td/></tr><tr><td>FL</td><td>Florida</td><td/></tr><tr><td>FM</td><td>Federated States of Micronesia</td><td/></tr><tr><td>GA</td><td>Georgia</td><td/></tr><tr><td>GU</td><td>Guam</td><td/></tr><tr><td>HI</td><td>Hawaii</td><td/></tr><tr><td>IA</td><td>Iowa</td><td/></tr><tr><td>ID</td><td>Idaho</td><td/></tr><tr><td>IL</td><td>Illinois</td><td/></tr><tr><td>IN</td><td>Indiana</td><td/></tr><tr><td>KS</td><td>Kansas</td><td/></tr><tr><td>KY</td><td>Kentucky</td><td/></tr><tr><td>LA</td><td>Louisiana</td><td/></tr><tr><td>MA</td><td>Massachusetts</td><td/></tr><tr><td>MD</td><td>Maryland</td><td/></tr><tr><td>ME</td><td>Maine</td><td/></tr><tr><td>MH</td><td>Marshall Islands</td><td/></tr><tr><td>MI</td><td>Michigan</td><td/></tr><tr><td>MN</td><td>Minnesota</td><td/></tr><tr><td>MO</td><td>Missouri</td><td/></tr><tr><td>MP</td><td>Northern Mariana Islands</td><td/></tr><tr><td>MS</td><td>Mississippi</td><td/></tr><tr><td>MT</td><td>Montana</td><td/></tr><tr><td>NC</td><td>North Carolina</td><td/></tr><tr><td>ND</td><td>North Dakota</td><td/></tr><tr><td>NE</td><td>Nebraska</td><td/></tr><tr><td>NH</td><td>New Hampshire</td><td/></tr><tr><td>NJ</td><td>New Jersey</td><td/></tr><tr><td>NM</td><td>New Mexico</td><td/></tr><tr><td>NV</td><td>Nevada</td><td/></tr><tr><td>NY</td><td>New York</td><td/></tr><tr><td>OH</td><td>Ohio</td><td/></tr><tr><td>OK</td><td>Oklahoma</td><td/></tr><tr><td>OR</td><td>Oregon</td><td/></tr><tr><td>PA</td><td>Pennsylvania</td><td/></tr><tr><td>PR</td><td>Puerto Rico</td><td/></tr><tr><td>PW</td><td>Palau</td><td/></tr><tr><td>RI</td><td>Rhode Island</td><td/></tr><tr><td>SC</td><td>South Carolina</td><td/></tr><tr><td>SD</td><td>South Dakota</td><td/></tr><tr><td>TN</td><td>Tennessee</td><td/></tr><tr><td>TX</td><td>Texas</td><td/></tr><tr><td>UT</td><td>Utah</td><td/></tr><tr><td>VA</td><td>Virginia</td><td/></tr><tr><td>VI</td><td>Virgin Islands of the U.S.</td><td/></tr><tr><td>VT</td><td>Vermont</td><td/></tr><tr><td>WA</td><td>Washington</td><td/></tr><tr><td>WI</td><td>Wisconsin</td><td/></tr><tr><td>WV</td><td>West Virginia</td><td/></tr><tr><td>WY</td><td>Wyoming</td><td/></tr><tr><td>AA</td><td>Armed Forces Americas</td><td/></tr><tr><td>AE</td><td>Armed Forces Europe</td><td/></tr><tr><td>AP</td><td>Armed Forces Pacific</td><td/></tr></table></li><li>Include these codes as defined in <a href=\"CodeSystem-carin-rtpbc-canadian-province-code-system.html\"><code>http://canadapost.ca</code></a><table class=\"none\"><tr><td style=\"white-space:nowrap\"><b>Code</b></td><td><b>Display</b></td></tr><tr><td><a href=\"CodeSystem-carin-rtpbc-canadian-province-code-system.html#carin-rtpbc-canadian-province-code-system-AB\">AB</a></td><td>Alberta</td><td>Alberta</td></tr><tr><td><a href=\"CodeSystem-carin-rtpbc-canadian-province-code-system.html#carin-rtpbc-canadian-province-code-system-BC\">BC</a></td><td>British Columbia</td><td>British Columbia</td></tr><tr><td><a href=\"CodeSystem-carin-rtpbc-canadian-province-code-system.html#carin-rtpbc-canadian-province-code-system-MB\">MB</a></td><td>Manitoba</td><td>Manitoba</td></tr><tr><td><a href=\"CodeSystem-carin-rtpbc-canadian-province-code-system.html#carin-rtpbc-canadian-province-code-system-NB\">NB</a></td><td>New Brunswick</td><td>New Brunswick</td></tr><tr><td><a href=\"CodeSystem-carin-rtpbc-canadian-province-code-system.html#carin-rtpbc-canadian-province-code-system-NL\">NL</a></td><td>Newfoundland and Labrador</td><td>Newfoundland and Labrador</td></tr><tr><td><a href=\"CodeSystem-carin-rtpbc-canadian-province-code-system.html#carin-rtpbc-canadian-province-code-system-NS\">NS</a></td><td>Nova Scotia</td><td>Nova Scotia</td></tr><tr><td><a href=\"CodeSystem-carin-rtpbc-canadian-province-code-system.html#carin-rtpbc-canadian-province-code-system-NT\">NT</a></td><td>Northwest Territories</td><td>Northwest Territories</td></tr><tr><td><a href=\"CodeSystem-carin-rtpbc-canadian-province-code-system.html#carin-rtpbc-canadian-province-code-system-NU\">NU</a></td><td>Nunavut</td><td>Nunavut</td></tr><tr><td><a href=\"CodeSystem-carin-rtpbc-canadian-province-code-system.html#carin-rtpbc-canadian-province-code-system-ON\">ON</a></td><td>Ontario</td><td>Ontario</td></tr><tr><td><a href=\"CodeSystem-carin-rtpbc-canadian-province-code-system.html#carin-rtpbc-canadian-province-code-system-PE\">PE</a></td><td>Prince Edward Island</td><td>Prince Edward Island</td></tr><tr><td><a href=\"CodeSystem-carin-rtpbc-canadian-province-code-system.html#carin-rtpbc-canadian-province-code-system-QC\">QC</a></td><td>Quebec</td><td>Quebec</td></tr><tr><td><a href=\"CodeSystem-carin-rtpbc-canadian-province-code-system.html#carin-rtpbc-canadian-province-code-system-SK\">SK</a></td><td>Saskatchewan</td><td>Saskatchewan</td></tr><tr><td><a href=\"CodeSystem-carin-rtpbc-canadian-province-code-system.html#carin-rtpbc-canadian-province-code-system-YT\">YT</a></td><td>Yukon</td><td>Yukon</td></tr></table></li></ul></div>"
  },
  "url": "http://hl7.org/fhir/us/carin/ValueSet/carin-rtpbc-state-and-province-code",
  "version": "0.1.11",
  "name": "CarinRtpbcStateAndProvinceCodeValueSet",
  "title": "CARIN RTPBC Two Letter State and Province Code Value Set",
  "status": "active",
  "date": "2019-11-19T18:00:00-06:00",
  "publisher": "CARIN Alliance",
  "contact": [
    {
      "telecom": [
        {
          "system": "email",
          "value": "fm@frankmckinney.com"
        }
      ]
    }
  ],
  "description": "This value set contains two letter USPS state codes and Canada Post province codes.",
  "jurisdiction": [
    {
      "coding": [
        {
          "system": "urn:iso:std:iso:3166",
          "code": "US",
          "display": "United States of America"
        }
      ]
    }
  ],
  "compose": {
    "include": [
      {
        "system": "https://www.usps.com/",
        "concept": [
          {
            "code": "AK",
            "display": "Alaska"
          },
          {
            "code": "AL",
            "display": "Alabama"
          },
          {
            "code": "AR",
            "display": "Arkansas"
          },
          {
            "code": "AS",
            "display": "American Samoa"
          },
          {
            "code": "AZ",
            "display": "Arizona"
          },
          {
            "code": "CA",
            "display": "California"
          },
          {
            "code": "CO",
            "display": "Colorado"
          },
          {
            "code": "CT",
            "display": "Connecticut"
          },
          {
            "code": "DC",
            "display": "District of Columbia"
          },
          {
            "code": "DE",
            "display": "Delaware"
          },
          {
            "code": "FL",
            "display": "Florida"
          },
          {
            "code": "FM",
            "display": "Federated States of Micronesia"
          },
          {
            "code": "GA",
            "display": "Georgia"
          },
          {
            "code": "GU",
            "display": "Guam"
          },
          {
            "code": "HI",
            "display": "Hawaii"
          },
          {
            "code": "IA",
            "display": "Iowa"
          },
          {
            "code": "ID",
            "display": "Idaho"
          },
          {
            "code": "IL",
            "display": "Illinois"
          },
          {
            "code": "IN",
            "display": "Indiana"
          },
          {
            "code": "KS",
            "display": "Kansas"
          },
          {
            "code": "KY",
            "display": "Kentucky"
          },
          {
            "code": "LA",
            "display": "Louisiana"
          },
          {
            "code": "MA",
            "display": "Massachusetts"
          },
          {
            "code": "MD",
            "display": "Maryland"
          },
          {
            "code": "ME",
            "display": "Maine"
          },
          {
            "code": "MH",
            "display": "Marshall Islands"
          },
          {
            "code": "MI",
            "display": "Michigan"
          },
          {
            "code": "MN",
            "display": "Minnesota"
          },
          {
            "code": "MO",
            "display": "Missouri"
          },
          {
            "code": "MP",
            "display": "Northern Mariana Islands"
          },
          {
            "code": "MS",
            "display": "Mississippi"
          },
          {
            "code": "MT",
            "display": "Montana"
          },
          {
            "code": "NC",
            "display": "North Carolina"
          },
          {
            "code": "ND",
            "display": "North Dakota"
          },
          {
            "code": "NE",
            "display": "Nebraska"
          },
          {
            "code": "NH",
            "display": "New Hampshire"
          },
          {
            "code": "NJ",
            "display": "New Jersey"
          },
          {
            "code": "NM",
            "display": "New Mexico"
          },
          {
            "code": "NV",
            "display": "Nevada"
          },
          {
            "code": "NY",
            "display": "New York"
          },
          {
            "code": "OH",
            "display": "Ohio"
          },
          {
            "code": "OK",
            "display": "Oklahoma"
          },
          {
            "code": "OR",
            "display": "Oregon"
          },
          {
            "code": "PA",
            "display": "Pennsylvania"
          },
          {
            "code": "PR",
            "display": "Puerto Rico"
          },
          {
            "code": "PW",
            "display": "Palau"
          },
          {
            "code": "RI",
            "display": "Rhode Island"
          },
          {
            "code": "SC",
            "display": "South Carolina"
          },
          {
            "code": "SD",
            "display": "South Dakota"
          },
          {
            "code": "TN",
            "display": "Tennessee"
          },
          {
            "code": "TX",
            "display": "Texas"
          },
          {
            "code": "UT",
            "display": "Utah"
          },
          {
            "code": "VA",
            "display": "Virginia"
          },
          {
            "code": "VI",
            "display": "Virgin Islands of the U.S."
          },
          {
            "code": "VT",
            "display": "Vermont"
          },
          {
            "code": "WA",
            "display": "Washington"
          },
          {
            "code": "WI",
            "display": "Wisconsin"
          },
          {
            "code": "WV",
            "display": "West Virginia"
          },
          {
            "code": "WY",
            "display": "Wyoming"
          },
          {
            "code": "AA",
            "display": "Armed Forces Americas"
          },
          {
            "code": "AE",
            "display": "Armed Forces Europe"
          },
          {
            "code": "AP",
            "display": "Armed Forces Pacific"
          }
        ]
      },
      {
        "system": "http://canadapost.ca",
        "concept": [
          {
            "code": "AB",
            "display": "Alberta"
          },
          {
            "code": "BC",
            "display": "British Columbia"
          },
          {
            "code": "MB",
            "display": "Manitoba"
          },
          {
            "code": "NB",
            "display": "New Brunswick"
          },
          {
            "code": "NL",
            "display": "Newfoundland and Labrador"
          },
          {
            "code": "NS",
            "display": "Nova Scotia"
          },
          {
            "code": "NT",
            "display": "Northwest Territories"
          },
          {
            "code": "NU",
            "display": "Nunavut"
          },
          {
            "code": "ON",
            "display": "Ontario"
          },
          {
            "code": "PE",
            "display": "Prince Edward Island"
          },
          {
            "code": "QC",
            "display": "Quebec"
          },
          {
            "code": "SK",
            "display": "Saskatchewan"
          },
          {
            "code": "YT",
            "display": "Yukon"
          }
        ]
      }
    ]
  }
}