{"resourceType":"ValueSet","id":"carin-rtpbc-patient-pay-type-value-set","meta":{"versionId":"2","lastUpdated":"2019-11-06T16:18:10.000-06:00"},"text":{"status":"additional","div":"<div xmlns=\"http://www.w3.org/1999/xhtml\">This value set contains components of a patient's responsibility for a prescription product's cost.&quot;\n        </div>"},"url":"http://hl7.org/fhir/us/carin/ValueSet/rtpbc-patient-pay-type","version":"0.1.04","name":"CarinRtbpcPatientPayTypeValueSet","title":"CARIN RTPBC Patient Pay Type Value Set","status":"draft","date":"2019-11-06T19:26:21-06:00","description":"This value set contains components of a patient's responsibility for a prescription product's cost.","compose":{"include":[{"system":"http://hl7.org/fhir/us/carin/CodeSystem/rtpbc-patient-pay-type","concept":[{"code":"deductible","display":"Deductible"},{"code":"coinsurance","display":"Per prescription coinsurance"},{"code":"copay","display":"Copay"},{"code":"tax","display":"Tax"},{"code":"other","display":"Other"},{"code":"total","display":"Total patient responsibility"}]}]}}