{
  "resourceType": "MessageDefinition",
  "id": "carin-rtpbc-request-message-definition",
  "text": {
    "status": "generated",
    "div": "<div xmlns=\"http://www.w3.org/1999/xhtml\"><p><b>Generated Narrative with Details</b></p><p><b>id</b>: carin-rtpbc-request-message-definition</p><p><b>url</b>: <a href=\"http://hl7.org/fhir/us/carin/MessageDefinition/rtpbc-request\">http://hl7.org/fhir/us/carin/MessageDefinition/rtpbc-request</a></p><p><b>version</b>: 0.1.09</p><p><b>name</b>: RtpbcRequest</p><p><b>title</b>: Real-time pharmacy benefit check request</p><p><b>status</b>: draft</p><p><b>experimental</b>: false</p><p><b>date</b>: Nov 17, 2019 12:00:00 AM</p><p><b>publisher</b>: CARIN Alliance</p><p><b>contact</b>: </p><p><b>description</b>: Request for patient cost and coverage information for a prescribed medication</p><p><b>jurisdiction</b>: United States of America (the) <span style=\"background: LightGoldenRodYellow\">(Details : {urn:iso:std:iso:3166 code 'US' = 'United States of America', given as 'United States of America (the)'})</span></p><p><b>purpose</b>: Requests patient cost and coverage information for a prescribed medication</p><p><b>event</b>: rtpbc-request (Details: http://example.org/fhir/message-events code rtpbc-request = 'rtpbc-request', stated as 'null')</p><p><b>category</b>: notification</p><h3>Focus</h3><table class=\"grid\"><tr><td>-</td><td><b>Code</b></td><td><b>Profile</b></td><td><b>Min</b></td><td><b>Max</b></td></tr><tr><td>*</td><td>Claim</td><td><a href=\"http://hl7.org/fhir/us/carin/StructureDefinition/carin-rtpbc-request\">http://hl7.org/fhir/us/carin/StructureDefinition/carin-rtpbc-request</a></td><td>1</td><td>1</td></tr></table><h3>AllowedResponses</h3><table class=\"grid\"><tr><td>-</td><td><b>Message</b></td><td><b>Situation</b></td></tr><tr><td>*</td><td><a href=\"http://hl7.org/fhir/us/carin/MessageDefinition/rtpbc-response\">http://hl7.org/fhir/us/carin/MessageDefinition/rtpbc-response</a></td><td>Returned when processing completes without encountering a system error</td></tr></table></div>"
  },
  "url": "http://hl7.org/fhir/us/carin/MessageDefinition/rtpbc-request",
  "version": "0.1.09",
  "name": "RtpbcRequest",
  "title": "Real-time pharmacy benefit check request",
  "status": "draft",
  "experimental": false,
  "date": "2019-11-17T00:00:00-06:00",
  "publisher": "CARIN Alliance",
  "contact": [
    {
      "telecom": [
        {
          "system": "email",
          "value": "fm@frankmckinney.com"
        }
      ]
    }
  ],
  "description": "Request for patient cost and coverage information for a prescribed medication",
  "jurisdiction": [
    {
      "coding": [
        {
          "system": "urn:iso:std:iso:3166",
          "code": "US",
          "display": "United States of America (the)"
        }
      ]
    }
  ],
  "purpose": "Requests patient cost and coverage information for a prescribed medication",
  "eventCoding": {
    "system": "http://example.org/fhir/message-events",
    "code": "rtpbc-request"
  },
  "category": "notification",
  "focus": [
    {
      "code": "Claim",
      "profile": "http://hl7.org/fhir/us/carin/StructureDefinition/carin-rtpbc-request",
      "min": 1,
      "max": "1"
    }
  ],
  "allowedResponse": [
    {
      "message": "http://hl7.org/fhir/us/carin/MessageDefinition/rtpbc-response",
      "situation": "Returned when processing completes without encountering a system error"
    }
  ]
}