{
  "resourceType": "ValueSet",
  "id": "carin-rtpbc-coverage-summary-value-set",
  "meta": {
    "versionId": "3",
    "lastUpdated": "2019-11-06T16:01:46.000-06:00"
  },
  "text": {
    "status": "additional",
    "div": "<div xmlns=\"http://www.w3.org/1999/xhtml\">This value set contains coverage levels that may apply to a prescription product.\n        </div>"
  },
  "url": "http://hl7.org/fhir/us/carin/ValueSet/rtpbc-coverage-summary",
  "version": "0.1.09",
  "name": "CarinRtbpcCoverageSummaryValueSet",
  "title": "CARIN RTPBC Coverage Summary Value Set",
  "status": "draft",
  "date": "2019-11-18T12:13:41-06:00",
  "description": "This value set contains coverage levels that may apply to a prescription product.",
  "compose": {
    "include": [
      {
        "system": "http://hl7.org/fhir/us/carin/CodeSystem/rtpbc-coverage-summary",
        "concept": [
          {
            "code": "covered",
            "display": "Covered"
          },
          {
            "code": "prior-auth",
            "display": "Prior authorization required"
          },
          {
            "code": "step-therapy",
            "display": "Step therapy applies"
          },
          {
            "code": "quantity-limit",
            "display": "Quantity limits apply"
          },
          {
            "code": "other-restriction",
            "display": "Other restriction applies"
          },
          {
            "code": "not-covered",
            "display": "Not covered"
          }
        ]
      }
    ]
  }
}