{
  "resourceType": "ValueSet",
  "id": "carin-rtpbc-country-code-value-set",
  "meta": {
    "versionId": "1",
    "lastUpdated": "2019-11-26T18:00:00.000-06:00",
    "security": [
      {
        "system": "https://trifolia-fhir.lantanagroup.com/security",
        "code": "everyone^read"
      },
      {
        "system": "https://trifolia-fhir.lantanagroup.com/security",
        "code": "everyone^write"
      }
    ]
  },
  "text": {
    "status": "generated",
    "div": "<div xmlns=\"http://www.w3.org/1999/xhtml\"><h2>CARIN RTPBC Pharmacy Type Value Setf</h2><div><p>This value set contains a subset of two-letter ISO 3166-1-2 country codes for the countries in which this profile is intended to be used (US and CA).</p>\n</div><p>This value set includes codes from the following code systems:</p><ul><li>Include these codes as defined in <code>urn:iso:std:iso:3166</code><table class=\"none\"><tr><td style=\"white-space:nowrap\"><b>Code</b></td><td><b>Display</b></td></tr><tr><td>US</td><td>United States of America</td><td/></tr><tr><td>CA</td><td>Canada</td><td/></tr></table></li></ul></div>"
  },
  "url": "http://hl7.org/fhir/us/carin/ValueSet/carin-rtpbc-country-code",
  "version": "0.1.12",
  "name": "CarinRtpbcCountryCodeValueSet",
  "title": "CARIN RTPBC Pharmacy Type Value Setf",
  "status": "draft",
  "date": "2019-11-20T00:00:00-06:00",
  "publisher": "CARIN Alliance",
  "description": "This value set contains a subset of two-letter ISO 3166-1-2 country codes for the countries in which this profile is intended to be used (US and CA).",
  "compose": {
    "include": [
      {
        "system": "urn:iso:std:iso:3166",
        "concept": [
          {
            "code": "US",
            "display": "United States of America"
          },
          {
            "code": "CA",
            "display": "Canada"
          }
        ]
      }
    ]
  }
}